section,priorite,nom,url,type,action,nap_nom,nap_adresse,nap_telephone,nap_site,nap_email,categorie,description,notes,statut
annuaire,1,Google Business Profile,https://business.google.com/,Fiche locale,"Vérifier que nom, téléphone, catégorie et site sont identiques ; site = https://www.lesepavistespro.fr/?utm_source=google&utm_medium=gbp",Les Épavistes Pro,"TODO(owner) — adresse du siège identique à la fiche Google ; à défaut, zone de service sans adresse : Paris, Seine-et-Marne, Yvelines, Essonne, Hauts-de-Seine, Seine-Saint-Denis, Val-de-Marne, Val-d'Oise",06 02 42 73 45,https://www.lesepavistespro.fr/,lesepavistespro@gmail.com,Épaviste / enlèvement d'épaves ; rachat de véhicules,"Épaviste agréé VHU en Île-de-France : enlèvement d'épave gratuit 24h/24 à Paris et dans les 8 départements, rachat de véhicules (avec ou sans CT, en panne, accidentés).",Fiche existante — envoyer l’URL de la fiche et le lien d’avis pour GBP_REVIEW_URL,à faire
annuaire,1,Bing Places for Business,https://www.bingplaces.com/,Fiche locale,Importer depuis Google Business Profile puis vérifier le NAP,Les Épavistes Pro,"TODO(owner) — adresse du siège identique à la fiche Google ; à défaut, zone de service sans adresse : Paris, Seine-et-Marne, Yvelines, Essonne, Hauts-de-Seine, Seine-Saint-Denis, Val-de-Marne, Val-d'Oise",06 02 42 73 45,https://www.lesepavistespro.fr/,lesepavistespro@gmail.com,Épaviste / enlèvement d'épaves ; rachat de véhicules,"Épaviste agréé VHU en Île-de-France : enlèvement d'épave gratuit 24h/24 à Paris et dans les 8 départements, rachat de véhicules (avec ou sans CT, en panne, accidentés).",Utile pour Bing (trafic Bing tombé de 14 à 3 visiteurs/semaine),à faire
annuaire,1,Apple Business Connect (Plans),https://businessconnect.apple.com/,Fiche locale,"Créer la fiche lieu, même NAP",Les Épavistes Pro,"TODO(owner) — adresse du siège identique à la fiche Google ; à défaut, zone de service sans adresse : Paris, Seine-et-Marne, Yvelines, Essonne, Hauts-de-Seine, Seine-Saint-Denis, Val-de-Marne, Val-d'Oise",06 02 42 73 45,https://www.lesepavistespro.fr/,lesepavistespro@gmail.com,Épaviste / enlèvement d'épaves ; rachat de véhicules,"Épaviste agréé VHU en Île-de-France : enlèvement d'épave gratuit 24h/24 à Paris et dans les 8 départements, rachat de véhicules (avec ou sans CT, en panne, accidentés).",Recherches « autour de moi » sur iPhone,à faire
annuaire,1,PagesJaunes (Solocal),https://www.pagesjaunes.fr/,Annuaire,"Créer/revendiquer la fiche gratuite, rubrique Épaviste",Les Épavistes Pro,"TODO(owner) — adresse du siège identique à la fiche Google ; à défaut, zone de service sans adresse : Paris, Seine-et-Marne, Yvelines, Essonne, Hauts-de-Seine, Seine-Saint-Denis, Val-de-Marne, Val-d'Oise",06 02 42 73 45,https://www.lesepavistespro.fr/,lesepavistespro@gmail.com,Épaviste / enlèvement d'épaves ; rachat de véhicules,"Épaviste agréé VHU en Île-de-France : enlèvement d'épave gratuit 24h/24 à Paris et dans les 8 départements, rachat de véhicules (avec ou sans CT, en panne, accidentés).",Alimente aussi Mappy,à faire
annuaire,1,118712,https://www.118712.fr/,Annuaire,Créer la fiche gratuite,Les Épavistes Pro,"TODO(owner) — adresse du siège identique à la fiche Google ; à défaut, zone de service sans adresse : Paris, Seine-et-Marne, Yvelines, Essonne, Hauts-de-Seine, Seine-Saint-Denis, Val-de-Marne, Val-d'Oise",06 02 42 73 45,https://www.lesepavistespro.fr/,lesepavistespro@gmail.com,Épaviste / enlèvement d'épaves ; rachat de véhicules,"Épaviste agréé VHU en Île-de-France : enlèvement d'épave gratuit 24h/24 à Paris et dans les 8 départements, rachat de véhicules (avec ou sans CT, en panne, accidentés).",,à faire
annuaire,2,Yelp France,https://biz.yelp.fr/,Annuaire / avis,Créer la fiche professionnelle,Les Épavistes Pro,"TODO(owner) — adresse du siège identique à la fiche Google ; à défaut, zone de service sans adresse : Paris, Seine-et-Marne, Yvelines, Essonne, Hauts-de-Seine, Seine-Saint-Denis, Val-de-Marne, Val-d'Oise",06 02 42 73 45,https://www.lesepavistespro.fr/,lesepavistespro@gmail.com,Épaviste / enlèvement d'épaves ; rachat de véhicules,"Épaviste agréé VHU en Île-de-France : enlèvement d'épave gratuit 24h/24 à Paris et dans les 8 départements, rachat de véhicules (avec ou sans CT, en panne, accidentés).",Ne jamais solliciter d’avis contre contrepartie,à faire
annuaire,2,Hoodspot,https://www.hoodspot.fr/,Annuaire,Créer la fiche,Les Épavistes Pro,"TODO(owner) — adresse du siège identique à la fiche Google ; à défaut, zone de service sans adresse : Paris, Seine-et-Marne, Yvelines, Essonne, Hauts-de-Seine, Seine-Saint-Denis, Val-de-Marne, Val-d'Oise",06 02 42 73 45,https://www.lesepavistespro.fr/,lesepavistespro@gmail.com,Épaviste / enlèvement d'épaves ; rachat de véhicules,"Épaviste agréé VHU en Île-de-France : enlèvement d'épave gratuit 24h/24 à Paris et dans les 8 départements, rachat de véhicules (avec ou sans CT, en panne, accidentés).",,à faire
annuaire,2,Kompass,https://fr.kompass.com/,Annuaire B2B,Créer la fiche entreprise,Les Épavistes Pro,"TODO(owner) — adresse du siège identique à la fiche Google ; à défaut, zone de service sans adresse : Paris, Seine-et-Marne, Yvelines, Essonne, Hauts-de-Seine, Seine-Saint-Denis, Val-de-Marne, Val-d'Oise",06 02 42 73 45,https://www.lesepavistespro.fr/,lesepavistespro@gmail.com,Épaviste / enlèvement d'épaves ; rachat de véhicules,"Épaviste agréé VHU en Île-de-France : enlèvement d'épave gratuit 24h/24 à Paris et dans les 8 départements, rachat de véhicules (avec ou sans CT, en panne, accidentés).","Utile pour la clientèle pro (flottes, syndics)",à faire
annuaire,2,Cylex France,https://www.cylex-france.fr/,Annuaire,Créer la fiche,Les Épavistes Pro,"TODO(owner) — adresse du siège identique à la fiche Google ; à défaut, zone de service sans adresse : Paris, Seine-et-Marne, Yvelines, Essonne, Hauts-de-Seine, Seine-Saint-Denis, Val-de-Marne, Val-d'Oise",06 02 42 73 45,https://www.lesepavistespro.fr/,lesepavistespro@gmail.com,Épaviste / enlèvement d'épaves ; rachat de véhicules,"Épaviste agréé VHU en Île-de-France : enlèvement d'épave gratuit 24h/24 à Paris et dans les 8 départements, rachat de véhicules (avec ou sans CT, en panne, accidentés).",,à faire
annuaire,2,Justacoté,https://www.justacote.com/,Annuaire local,Créer la fiche,Les Épavistes Pro,"TODO(owner) — adresse du siège identique à la fiche Google ; à défaut, zone de service sans adresse : Paris, Seine-et-Marne, Yvelines, Essonne, Hauts-de-Seine, Seine-Saint-Denis, Val-de-Marne, Val-d'Oise",06 02 42 73 45,https://www.lesepavistespro.fr/,lesepavistespro@gmail.com,Épaviste / enlèvement d'épaves ; rachat de véhicules,"Épaviste agréé VHU en Île-de-France : enlèvement d'épave gratuit 24h/24 à Paris et dans les 8 départements, rachat de véhicules (avec ou sans CT, en panne, accidentés).",,à faire
annuaire,3,Tiugo,https://www.tiugo.fr/,Annuaire,Créer la fiche,Les Épavistes Pro,"TODO(owner) — adresse du siège identique à la fiche Google ; à défaut, zone de service sans adresse : Paris, Seine-et-Marne, Yvelines, Essonne, Hauts-de-Seine, Seine-Saint-Denis, Val-de-Marne, Val-d'Oise",06 02 42 73 45,https://www.lesepavistespro.fr/,lesepavistespro@gmail.com,Épaviste / enlèvement d'épaves ; rachat de véhicules,"Épaviste agréé VHU en Île-de-France : enlèvement d'épave gratuit 24h/24 à Paris et dans les 8 départements, rachat de véhicules (avec ou sans CT, en panne, accidentés).",,à faire
annuaire,3,StarOfService,https://www.starofservice.com/,Plateforme de services,"Créer le profil, catégorie enlèvement d’épave",Les Épavistes Pro,"TODO(owner) — adresse du siège identique à la fiche Google ; à défaut, zone de service sans adresse : Paris, Seine-et-Marne, Yvelines, Essonne, Hauts-de-Seine, Seine-Saint-Denis, Val-de-Marne, Val-d'Oise",06 02 42 73 45,https://www.lesepavistespro.fr/,lesepavistespro@gmail.com,Épaviste / enlèvement d'épaves ; rachat de véhicules,"Épaviste agréé VHU en Île-de-France : enlèvement d'épave gratuit 24h/24 à Paris et dans les 8 départements, rachat de véhicules (avec ou sans CT, en panne, accidentés).",,à faire
annuaire,3,Europages,https://www.europages.fr/,Annuaire B2B,Créer la fiche,Les Épavistes Pro,"TODO(owner) — adresse du siège identique à la fiche Google ; à défaut, zone de service sans adresse : Paris, Seine-et-Marne, Yvelines, Essonne, Hauts-de-Seine, Seine-Saint-Denis, Val-de-Marne, Val-d'Oise",06 02 42 73 45,https://www.lesepavistespro.fr/,lesepavistespro@gmail.com,Épaviste / enlèvement d'épaves ; rachat de véhicules,"Épaviste agréé VHU en Île-de-France : enlèvement d'épave gratuit 24h/24 à Paris et dans les 8 départements, rachat de véhicules (avec ou sans CT, en panne, accidentés).",Clientèle professionnelle,à faire
annuaire,2,Trustpilot,https://fr.trustpilot.com/,Avis,Revendiquer la page de lesepavistespro.fr,Les Épavistes Pro,"TODO(owner) — adresse du siège identique à la fiche Google ; à défaut, zone de service sans adresse : Paris, Seine-et-Marne, Yvelines, Essonne, Hauts-de-Seine, Seine-Saint-Denis, Val-de-Marne, Val-d'Oise",06 02 42 73 45,https://www.lesepavistespro.fr/,lesepavistespro@gmail.com,Épaviste / enlèvement d'épaves ; rachat de véhicules,"Épaviste agréé VHU en Île-de-France : enlèvement d'épave gratuit 24h/24 à Paris et dans les 8 départements, rachat de véhicules (avec ou sans CT, en panne, accidentés).",Avis réels uniquement,à faire
annuaire,1,Facebook (page existante),https://web.facebook.com/profile.php?id=61552439650150,Réseau social,"Aligner nom, téléphone, site et zone",Les Épavistes Pro,"TODO(owner) — adresse du siège identique à la fiche Google ; à défaut, zone de service sans adresse : Paris, Seine-et-Marne, Yvelines, Essonne, Hauts-de-Seine, Seine-Saint-Denis, Val-de-Marne, Val-d'Oise",06 02 42 73 45,https://www.lesepavistespro.fr/,lesepavistespro@gmail.com,Épaviste / enlèvement d'épaves ; rachat de véhicules,"Épaviste agréé VHU en Île-de-France : enlèvement d'épave gratuit 24h/24 à Paris et dans les 8 départements, rachat de véhicules (avec ou sans CT, en panne, accidentés).",Déjà dans sameAs,à faire
annuaire,1,Instagram (compte existant),https://www.instagram.com/lesepavistespro,Réseau social,"Aligner bio, téléphone et lien",Les Épavistes Pro,"TODO(owner) — adresse du siège identique à la fiche Google ; à défaut, zone de service sans adresse : Paris, Seine-et-Marne, Yvelines, Essonne, Hauts-de-Seine, Seine-Saint-Denis, Val-de-Marne, Val-d'Oise",06 02 42 73 45,https://www.lesepavistespro.fr/,lesepavistespro@gmail.com,Épaviste / enlèvement d'épaves ; rachat de véhicules,"Épaviste agréé VHU en Île-de-France : enlèvement d'épave gratuit 24h/24 à Paris et dans les 8 départements, rachat de véhicules (avec ou sans CT, en panne, accidentés).",Déjà dans sameAs,à faire
annuaire,2,LinkedIn — page entreprise,https://www.linkedin.com/company/setup/new/,Réseau social,Créer la page entreprise,Les Épavistes Pro,"TODO(owner) — adresse du siège identique à la fiche Google ; à défaut, zone de service sans adresse : Paris, Seine-et-Marne, Yvelines, Essonne, Hauts-de-Seine, Seine-Saint-Denis, Val-de-Marne, Val-d'Oise",06 02 42 73 45,https://www.lesepavistespro.fr/,lesepavistespro@gmail.com,Épaviste / enlèvement d'épaves ; rachat de véhicules,"Épaviste agréé VHU en Île-de-France : enlèvement d'épave gratuit 24h/24 à Paris et dans les 8 départements, rachat de véhicules (avec ou sans CT, en panne, accidentés).",À ajouter à sameAs une fois créée,à faire
annuaire,2,Waze (lieu),https://www.waze.com/editor,Carte,Ajouter le lieu si adresse publique,Les Épavistes Pro,"TODO(owner) — adresse du siège identique à la fiche Google ; à défaut, zone de service sans adresse : Paris, Seine-et-Marne, Yvelines, Essonne, Hauts-de-Seine, Seine-Saint-Denis, Val-de-Marne, Val-d'Oise",06 02 42 73 45,https://www.lesepavistespro.fr/,lesepavistespro@gmail.com,Épaviste / enlèvement d'épaves ; rachat de véhicules,"Épaviste agréé VHU en Île-de-France : enlèvement d'épave gratuit 24h/24 à Paris et dans les 8 départements, rachat de véhicules (avec ou sans CT, en panne, accidentés).",Seulement avec une adresse réelle,à faire
annuaire,1,Annuaire des Entreprises (data.gouv),https://annuaire-entreprises.data.gouv.fr/,Registre officiel,Vérifier que nom commercial et adresse correspondent au SIRET,Les Épavistes Pro,"TODO(owner) — adresse du siège identique à la fiche Google ; à défaut, zone de service sans adresse : Paris, Seine-et-Marne, Yvelines, Essonne, Hauts-de-Seine, Seine-Saint-Denis, Val-de-Marne, Val-d'Oise",06 02 42 73 45,https://www.lesepavistespro.fr/,lesepavistespro@gmail.com,Épaviste / enlèvement d'épaves ; rachat de véhicules,"Épaviste agréé VHU en Île-de-France : enlèvement d'épave gratuit 24h/24 à Paris et dans les 8 départements, rachat de véhicules (avec ou sans CT, en panne, accidentés).","Source : SIRENE — pas de saisie, vérification",à faire
annuaire,2,Societe.com,https://www.societe.com/,Registre,Vérifier la fiche (alimentée par SIRENE),Les Épavistes Pro,"TODO(owner) — adresse du siège identique à la fiche Google ; à défaut, zone de service sans adresse : Paris, Seine-et-Marne, Yvelines, Essonne, Hauts-de-Seine, Seine-Saint-Denis, Val-de-Marne, Val-d'Oise",06 02 42 73 45,https://www.lesepavistespro.fr/,lesepavistespro@gmail.com,Épaviste / enlèvement d'épaves ; rachat de véhicules,"Épaviste agréé VHU en Île-de-France : enlèvement d'épave gratuit 24h/24 à Paris et dans les 8 départements, rachat de véhicules (avec ou sans CT, en panne, accidentés).",Vérification seulement,à faire
annuaire,3,Infogreffe,https://www.infogreffe.fr/,Registre officiel,Vérifier la cohérence du nom et de l’adresse,Les Épavistes Pro,"TODO(owner) — adresse du siège identique à la fiche Google ; à défaut, zone de service sans adresse : Paris, Seine-et-Marne, Yvelines, Essonne, Hauts-de-Seine, Seine-Saint-Denis, Val-de-Marne, Val-d'Oise",06 02 42 73 45,https://www.lesepavistespro.fr/,lesepavistespro@gmail.com,Épaviste / enlèvement d'épaves ; rachat de véhicules,"Épaviste agréé VHU en Île-de-France : enlèvement d'épave gratuit 24h/24 à Paris et dans les 8 départements, rachat de véhicules (avec ou sans CT, en panne, accidentés).",Vérification seulement,à faire
annuaire,2,Chambre de métiers et de l'artisanat Île-de-France — annuaire,https://www.cma-idf.fr/,Annuaire artisans,Demander le référencement si l’entreprise est immatriculée au répertoire des métiers,Les Épavistes Pro,"TODO(owner) — adresse du siège identique à la fiche Google ; à défaut, zone de service sans adresse : Paris, Seine-et-Marne, Yvelines, Essonne, Hauts-de-Seine, Seine-Saint-Denis, Val-de-Marne, Val-d'Oise",06 02 42 73 45,https://www.lesepavistespro.fr/,lesepavistespro@gmail.com,Épaviste / enlèvement d'épaves ; rachat de véhicules,"Épaviste agréé VHU en Île-de-France : enlèvement d'épave gratuit 24h/24 à Paris et dans les 8 départements, rachat de véhicules (avec ou sans CT, en panne, accidentés).",Conditionnel,à faire
annuaire,3,Mobilians (branche recyclage / dépannage),https://www.mobilians.fr/,Organisation professionnelle,Adhésion : annuaire des adhérents,Les Épavistes Pro,"TODO(owner) — adresse du siège identique à la fiche Google ; à défaut, zone de service sans adresse : Paris, Seine-et-Marne, Yvelines, Essonne, Hauts-de-Seine, Seine-Saint-Denis, Val-de-Marne, Val-d'Oise",06 02 42 73 45,https://www.lesepavistespro.fr/,lesepavistespro@gmail.com,Épaviste / enlèvement d'épaves ; rachat de véhicules,"Épaviste agréé VHU en Île-de-France : enlèvement d'épave gratuit 24h/24 à Paris et dans les 8 départements, rachat de véhicules (avec ou sans CT, en panne, accidentés).",Payant — décision du propriétaire,à faire
annuaire,3,ADEME / SYDEREP — centres VHU agréés,https://www.syderep.ademe.fr/,Registre VHU,Ne PAS s’inscrire : réservé aux centres VHU agréés. Demander au centre VHU partenaire d’y figurer et de citer le site,Les Épavistes Pro,"TODO(owner) — adresse du siège identique à la fiche Google ; à défaut, zone de service sans adresse : Paris, Seine-et-Marne, Yvelines, Essonne, Hauts-de-Seine, Seine-Saint-Denis, Val-de-Marne, Val-d'Oise",06 02 42 73 45,https://www.lesepavistespro.fr/,lesepavistespro@gmail.com,Épaviste / enlèvement d'épaves ; rachat de véhicules,"Épaviste agréé VHU en Île-de-France : enlèvement d'épave gratuit 24h/24 à Paris et dans les 8 départements, rachat de véhicules (avec ou sans CT, en panne, accidentés).",Jamais se présenter comme centre VHU sans agrément,à faire
annuaire,2,Sites des mairies — « annuaire des entreprises »,https://www.google.com/search?q=mairie+%22annuaire+des+entreprises%22+val-de-marne,Annuaire municipal,"Pour chaque commune où l’entreprise intervient souvent, demander l’inscription à l’annuaire des pros quand il existe",Les Épavistes Pro,"TODO(owner) — adresse du siège identique à la fiche Google ; à défaut, zone de service sans adresse : Paris, Seine-et-Marne, Yvelines, Essonne, Hauts-de-Seine, Seine-Saint-Denis, Val-de-Marne, Val-d'Oise",06 02 42 73 45,https://www.lesepavistespro.fr/,lesepavistespro@gmail.com,Épaviste / enlèvement d'épaves ; rachat de véhicules,"Épaviste agréé VHU en Île-de-France : enlèvement d'épave gratuit 24h/24 à Paris et dans les 8 départements, rachat de véhicules (avec ou sans CT, en panne, accidentés).",Une ligne par mairie dans le suivi,à faire
outreach,2,ARC — Association des Responsables de Copropriété,https://arc-copro.fr/,Association de copropriétaires (Paris),Véhicules ventouses en parking de copropriété : procédure et enlèvement gratuit,Les Épavistes Pro,,06 02 42 73 45,https://www.lesepavistespro.fr/,lesepavistespro@gmail.com,,/epaviste/ile-de-france/parking-souterrain + /guides/fourrieres-ile-de-france,Modèle d’e-mail : seo-audit/outreach-templates.md,à faire
outreach,2,CLCV — union régionale Île-de-France,https://www.clcv.org/,Association de consommateurs / locataires,Guide des fourrières et ZFE pour leurs adhérents,Les Épavistes Pro,,06 02 42 73 45,https://www.lesepavistespro.fr/,lesepavistespro@gmail.com,,"/guides/fourrieres-ile-de-france, /guides/zfe-grand-paris",Modèle d’e-mail : seo-audit/outreach-templates.md,à faire
outreach,2,FNAIM Grand Paris,https://www.fnaim-grandparis.fr/,Syndics et gestionnaires (fédération),Procédure véhicule abandonné en résidence (art. R325-47 s.),Les Épavistes Pro,,06 02 42 73 45,https://www.lesepavistespro.fr/,lesepavistespro@gmail.com,,/epaviste/ile-de-france/voiture-abandonnee-voie-publique,Modèle d’e-mail : seo-audit/outreach-templates.md,à faire
outreach,2,UNIS — syndicat des professionnels de l’immobilier,https://www.unis-immo.fr/,Syndics,Fiche pratique « épave dans le parking » pour les gestionnaires,Les Épavistes Pro,,06 02 42 73 45,https://www.lesepavistespro.fr/,lesepavistespro@gmail.com,,/epaviste/ile-de-france/parking-souterrain,Modèle d’e-mail : seo-audit/outreach-templates.md,à faire
outreach,2,Paris Habitat,https://www.parishabitat.fr/,Bailleur social,Enlèvement des véhicules abandonnés dans les parkings du parc,Les Épavistes Pro,,06 02 42 73 45,https://www.lesepavistespro.fr/,lesepavistespro@gmail.com,,/epaviste/paris-75,Modèle d’e-mail : seo-audit/outreach-templates.md,à faire
outreach,2,Seine-Saint-Denis Habitat,https://www.seinesaintdenishabitat.fr/,Bailleur social,Idem — parkings des résidences du 93,Les Épavistes Pro,,06 02 42 73 45,https://www.lesepavistespro.fr/,lesepavistespro@gmail.com,,/epaviste/seine-saint-denis-93,Modèle d’e-mail : seo-audit/outreach-templates.md,à faire
outreach,2,40 millions d’automobilistes,https://www.40millionsdautomobilistes.com/,Association d’automobilistes,Données fourrières 2026 et ZFE à jour (guide citable),Les Épavistes Pro,,06 02 42 73 45,https://www.lesepavistespro.fr/,lesepavistespro@gmail.com,,"/guides/fourrieres-ile-de-france, /guides/zfe-grand-paris",Modèle d’e-mail : seo-audit/outreach-templates.md,à faire
outreach,2,Caradisiac — rubrique pratique,https://www.caradisiac.com/,Média auto,Proposer le tableau des fourrières de Paris et des tarifs 2026 comme source,Les Épavistes Pro,,06 02 42 73 45,https://www.lesepavistespro.fr/,lesepavistespro@gmail.com,,/guides/fourrieres-ile-de-france,Modèle d’e-mail : seo-audit/outreach-templates.md,à faire
outreach,2,L’argus — rubrique pratique,https://www.largus.fr/,Média auto,ZFE Grand Paris : périmètre commune par commune,Les Épavistes Pro,,06 02 42 73 45,https://www.lesepavistespro.fr/,lesepavistespro@gmail.com,,/guides/zfe-grand-paris,Modèle d’e-mail : seo-audit/outreach-templates.md,à faire
outreach,2,Garages partenaires (TODO(owner) : 5 garages réels d’Île-de-France),,Garages,Échange de lien « nous récupérons les véhicules non réparables de vos clients »,Les Épavistes Pro,,06 02 42 73 45,https://www.lesepavistespro.fr/,lesepavistespro@gmail.com,,/rachat-voiture/ile-de-france,Modèle d’e-mail : seo-audit/outreach-templates.md,à faire
